Model,MAE,MSE,R2
Linear Regression,0.7490697205433368,0.6149796612837033,0.7300056365783324
Random Forest,0.49310000000000076,0.5883156400000031,0.7417119350235964
Gradient Boosting,0.4689097055581195,0.3051006987358595,0.8660517182588697
